{"train_loss": [0.456287, 0.271248, 0.220836, 0.194257, 0.178205, 0.167371, 0.158308, 0.152071, 0.146291, 0.140305, 0.135345, 0.131132, 0.127637, 0.123119, 0.120667, 0.115995, 0.113871, 0.11037, 0.107882, 0.10453, 0.103279, 0.100581, 0.098102, 0.096912], "train_acc": [0.920473, 0.951176, 0.961871, 0.967394, 0.970131, 0.971661, 0.972556, 0.973341, 0.973582, 0.97475, 0.974951, 0.975382, 0.975277, 0.975705, 0.97584, 0.976585, 0.976701, 0.977135, 0.977056, 0.977467, 0.977509, 0.977652, 0.978158, 0.978104], "val_loss": [0.466023, 0.162165, 0.234353, 0.146241, 0.145726, 0.169041, 0.183582, 0.177548, 0.175221, 0.150309, 0.137239, 0.147437, 0.154947, 0.124244, 0.132173, 0.151026, 0.157832, 0.150519, 0.137705, 0.138926, 0.137957, 0.136804, 0.143506, 0.155539], "val_acc": [0.845404, 0.960045, 0.928406, 0.969408, 0.967306, 0.961974, 0.963008, 0.963601, 0.962213, 0.962786, 0.972583, 0.974442, 0.96663, 0.97388, 0.973655, 0.973179, 0.969908, 0.970921, 0.975736, 0.977894, 0.975823, 0.973061, 0.973991, 0.970869]}